metric,value
max_abs_error,4.440892098500626e-16
p99_abs_error,2.220446049250313e-16
n_checked,7881623.0
