period,n_days,gross_return,net_return,gross_cumulative_return,net_cumulative_return,gross_sharpe,net_sharpe,max_drawdown,turnover,cost_drag,deployed_gross_ratio,capacity_binding_frequency,avg_long_names,avg_short_names,aum_level,basket_frac,weighting,short_treatment
train,2244,0.033360291146868226,0.00806015465723453,0.33939480164163793,0.07410316609929568,1.5804264587433767,0.3950154791352082,-0.09863294796618527,0.44824115420335386,0.024790639222251314,0.22412057710167693,1.0,8.282085561497325,8.282085561497325,250m,0.01,equal,tiered
validation,757,0.1620857691266595,0.10846365721390194,0.5702667338981862,0.36251672506795307,1.9876065777703082,1.3777632456459996,-0.04988862222259549,0.8360840762719021,0.04727967025504991,0.41804203813595103,1.0,8.763540290620872,8.763540290620872,250m,0.01,equal,tiered
development_test,752,0.05899136545403483,0.0072737683583570245,0.18653933327275252,0.021862852431156155,0.8815561218504386,0.14121722955318788,-0.08798684525262379,0.9042408643755401,0.050088125487968434,0.45212043218777004,1.0,8.772606382978724,8.772606382978724,250m,0.01,equal,tiered
